insert into Faculties (faculty, dean, officeTimetable)
    values
        ('ФИТ', 'Шиман Д.В.', 'Среда с 16.00 до 17.30'),
        ('ЛХФ', 'Ярмолович В.А.', 'Среда с 16.00 до 17.30 '),
        ('ЛИД', 'Лой В.Н.', 'Среда с 16.00 до 17.30 '),
        ('ПИМ', 'Долгова Т.А.', 'Среда с 16.00 до 17.30 ');

insert into Groups (faculty, course, name, head)
    values
        ('ФИТ', 1, 'ПОИТ-1', ''),
        ('ФИТ', 2, 'ПОИБМС-7', ''),
        ('ЛХФ', 3, 'ТПК-2', ''),
        ('ЛХФ', 4, 'ВЕЛ-5', ''),
        ('ЛИД', 1, 'ДВП-2', ''),
        ('ЛИД', 2, 'ДСП-9', ''),
        ('ПИМ', 3, 'ОКСЫВ-1', ''),
        ('ПИМ', 4, 'АВП-3', '');

insert into Students (groupID, name, birthDate, address)
    values
        (1, 'Поитовец1', '01.01.2000', 'Архангельская область, город Озёры, проезд Бухарестская, 66'),
        (2, 'Адамович А.М.', '02.02.2000', 'Московская область, город Клин, пл. Косиора, 42'),
        (3, 'Тпковец1', '03.03.2000', 'Новгородская область, город Талдом, пл. Космонавтов, 37'),
        (4, 'Веловец1', '04.04.2000', 'Иркутская область, город Шаховская, ул. Славы, 35'),
        (5, 'Двповец1', '05.05.2000', 'Пензенская область, город Коломна, наб. Домодедовская, 03'),
        (6, 'Дсповец1', '06.06.2000', 'Курская область, город Шатура, шоссе Косиора, 76'),
        (7, 'Оксывец1', '07.07.2000', 'Свердловская область, город Домодедово, шоссе Сталина, 89'),
        (8, 'Авповец1', '08.08.2000', 'Белгородская область, город Кашира, проезд Гоголя, 23');

insert into Subjects (subject)
    values
        ('ООП'),
        ('БД'),
        ('КСИС'),
        ('ИГИГ'),
        ('КЯР'),
        ('Математика');

insert into Progresses (studentID, subjectID, examDate, mark, teacher)
    values
        (1, 1, '12.03.2020', 10, 'Пацей Н.В.'),
        (1, 2, '10.12.2023', 9, 'Блинова Е.А.'),
        (2, 3, '01.10.2019', 4, 'Шиман Д.В.'),
        (2, 4, '09.09.2009', 5, 'Преподаватель1'),
        (3, 5, '23.04.2014', 2, 'Преподаватель2'),
        (3, 6, '29.10.2021', 6, 'Преподаватель3'),
        (4, 1, '30.12.2022', 7, 'Преподаватель4'),
        (4, 3, '02.02.2012', 4, 'Преподаватель5'),
        (5, 5, '12.04.2022', 9, 'Преподаватель6'),
        (6, 2, '24.12.2005', 3, 'Преподаватель7');
